Brands,Merken
Clear Filter,Wis Filter
Color,Kleur
Color:,Kleur:
Connect to Us,Verbinding maken met ons
Connect with us @,Verbinding maken met ons @
Contacts,Contacts
Currency Symbol Euro,&euro;
Customer Service,Klantenservice
design and magento webshop by,designe en Magento webshop door
Featured Brands,Aanbevolen Merken
Home,Home
Jobs,Vacatures
Length,Lengte
Loggin In,Inlogen
Logout,Loguit
More Info,Meer Info
My Account,Mijn account
opening hours and contact,openingstijden en contact
Order Statuss,Status
Our offers by e-mail ?,Onze aanbiedingen per e-mail ontvangen ?
Please enter a valid email address. For example johndoe@domain.com.,Vul een geldig e-Id. Bijvoorbeeld: iemand@domein.nl
Regular Price:,Van
Reorder,Bestellen
Sign Up,Aanmelden
Sign up for our newsletter,Meld je aan voor onze nieuwsbrief
Size,Maat
Special For,Voor
Special From,Van
Special Price:,Voor
View Order,Bekijken
Visit 1 of our 5 stores in your area,bezoek 1 van 5 winkels bij u in de buurt
Waist,Taille
where you wll find our stores?,waar vindt u onze winkels?
Your E-mail Address:,Uw e-mailadres:
